experiment,eval,weather,class,mAP50,mAP50_std,mAP50_n,mAP50-95,mAP50-95_std,mAP50-95_n,precision,precision_std,precision_n,recall,recall_std,recall_n
S0_acdc,5fold,overall,person,0.2211,0.0202,5,0.0945,0.0137,5,0.5985,0.0544,5,0.1866,0.0311,5
S0_acdc,5fold,overall,rider,0.0957,0.0469,5,0.0391,0.021,5,0.2963,0.1605,5,0.1212,0.0367,5
S0_acdc,5fold,overall,car,0.5774,0.0091,5,0.3283,0.0116,5,0.6426,0.0754,5,0.548,0.0245,5
S0_acdc,5fold,overall,truck,0.1938,0.0569,5,0.1126,0.0371,5,0.2995,0.0567,5,0.2804,0.0307,5
S0_acdc,5fold,overall,bus,0.1117,0.0637,5,0.0662,0.0416,5,0.1549,0.0504,5,0.1568,0.068,5
S0_acdc,5fold,overall,bicycle,0.0767,0.018,5,0.0343,0.0106,5,0.2305,0.0724,5,0.0874,0.0209,5
S0_acdc,5fold,fog,person,0.293,0.112,5,0.1384,0.0459,5,0.6777,0.1027,5,0.2444,0.1358,5
S0_acdc,5fold,fog,rider,0.2696,0.1716,5,0.1411,0.0952,5,0.41,0.2604,5,0.2379,0.1454,5
S0_acdc,5fold,fog,car,0.6525,0.0238,5,0.3797,0.014,5,0.7412,0.1341,5,0.5864,0.0542,5
S0_acdc,5fold,fog,truck,0.3048,0.0653,5,0.1667,0.0431,5,0.5201,0.0822,5,0.2569,0.0723,5
S0_acdc,5fold,fog,bus,0.4956,0.2709,5,0.3741,0.2229,5,0.321,0.2496,5,0.6356,0.2742,5
S0_acdc,5fold,fog,bicycle,0.2242,0.0376,5,0.1103,0.0286,5,0.5819,0.3256,5,0.2136,0.0511,5
S0_acdc,5fold,night,person,0.1744,0.0566,5,0.068,0.0252,5,0.552,0.1466,5,0.1559,0.0322,5
S0_acdc,5fold,night,rider,0.1048,0.06,5,0.0373,0.0321,5,0.4618,0.124,5,0.0878,0.045,5
S0_acdc,5fold,night,car,0.4017,0.0228,5,0.2185,0.0179,5,0.4573,0.1111,5,0.4171,0.0238,5
S0_acdc,5fold,night,truck,0.0419,0.025,5,0.0153,0.0114,5,0.0842,0.0558,5,0.2333,0.1369,5
S0_acdc,5fold,night,bus,0.0338,0.0322,5,0.0067,0.0035,5,0.0768,0.0533,5,0.0897,0.0565,5
S0_acdc,5fold,night,bicycle,0.0684,0.0239,5,0.0316,0.0147,5,0.2631,0.098,5,0.0598,0.0232,5
S0_acdc,5fold,rain,person,0.1557,0.0662,5,0.0617,0.0285,5,0.492,0.1812,5,0.1218,0.0502,5
S0_acdc,5fold,rain,rider,0.1909,0.1744,5,0.0538,0.0583,5,0.2257,0.2065,5,0.2267,0.2204,5
S0_acdc,5fold,rain,car,0.6025,0.0254,5,0.3335,0.0154,5,0.681,0.1168,5,0.564,0.0547,5
S0_acdc,5fold,rain,truck,0.1871,0.0871,5,0.122,0.0654,5,0.1232,0.0413,5,0.352,0.1776,5
S0_acdc,5fold,rain,bus,0.0975,0.0972,5,0.0571,0.0684,5,0.1165,0.1115,5,0.0848,0.1021,5
S0_acdc,5fold,rain,bicycle,0.0618,0.0393,5,0.031,0.0217,5,0.1726,0.119,5,0.078,0.0515,5
S0_acdc,5fold,snow,person,0.2943,0.0597,5,0.1377,0.0387,5,0.7354,0.1201,5,0.2223,0.0441,5
S0_acdc,5fold,snow,rider,0.129,0.1079,5,0.0666,0.0736,5,0.1297,0.1248,5,0.175,0.1118,5
S0_acdc,5fold,snow,car,0.6421,0.0092,5,0.3774,0.0181,5,0.7763,0.0459,5,0.5565,0.0347,5
S0_acdc,5fold,snow,truck,0.2014,0.1218,5,0.1269,0.0876,5,0.247,0.0594,5,0.2791,0.1179,5
S0_acdc,5fold,snow,bus,0.1351,0.1086,5,0.071,0.0591,5,0.2051,0.1558,5,0.1522,0.0987,5
S0_acdc,5fold,snow,bicycle,0.0918,0.042,5,0.0471,0.0283,5,0.1988,0.0783,5,0.1033,0.0539,5
S0_acdc,official,overall,person,0.2168,,1,0.0855,,1,0.7684,,1,0.1285,,1
S0_acdc,official,overall,rider,0.0258,,1,0.0083,,1,0.1579,,1,0.0408,,1
S0_acdc,official,overall,car,0.6107,,1,0.3538,,1,0.7659,,1,0.534,,1
S0_acdc,official,overall,truck,0.2321,,1,0.151,,1,0.3548,,1,0.332,,1
S0_acdc,official,overall,bus,0.0346,,1,0.0162,,1,0.0995,,1,0.0816,,1
S0_acdc,official,overall,bicycle,0.0843,,1,0.031,,1,0.2564,,1,0.0933,,1
S0_acdc,official,fog,person,0.3821,,1,0.1687,,1,0.8765,,1,0.2291,,1
S0_acdc,official,fog,rider,0.2478,,1,0.0978,,1,0.6322,,1,0.1818,,1
S0_acdc,official,fog,car,0.7658,,1,0.4751,,1,0.861,,1,0.6744,,1
S0_acdc,official,fog,truck,0.225,,1,0.1453,,1,0.4057,,1,0.2499,,1
S0_acdc,official,fog,bus,0.5647,,1,0.3373,,1,0.4204,,1,0.6,,1
S0_acdc,official,fog,bicycle,0.2373,,1,0.0871,,1,0.664,,1,0.2273,,1
S0_acdc,official,night,person,0.1465,,1,0.0582,,1,0.5023,,1,0.1329,,1
S0_acdc,official,night,rider,0.0076,,1,0.0029,,1,0.0,,1,0.0,,1
S0_acdc,official,night,car,0.4198,,1,0.2272,,1,0.3721,,1,0.4737,,1
S0_acdc,official,night,truck,0.054,,1,0.0183,,1,0.1176,,1,0.25,,1
S0_acdc,official,night,bicycle,0.0452,,1,0.0195,,1,0.135,,1,0.0519,,1
S0_acdc,official,rain,person,0.22,,1,0.0738,,1,0.6521,,1,0.1259,,1
S0_acdc,official,rain,rider,0.0084,,1,0.0025,,1,0.0,,1,0.0,,1
S0_acdc,official,rain,car,0.5804,,1,0.3203,,1,0.656,,1,0.5544,,1
S0_acdc,official,rain,truck,0.2143,,1,0.1292,,1,0.2484,,1,0.375,,1
S0_acdc,official,rain,bus,0.0536,,1,0.0226,,1,0.1426,,1,0.0475,,1
S0_acdc,official,rain,bicycle,0.0388,,1,0.0107,,1,0.1278,,1,0.1364,,1
S0_acdc,official,snow,person,0.2278,,1,0.1033,,1,0.6591,,1,0.1886,,1
S0_acdc,official,snow,rider,0.0625,,1,0.0066,,1,0.0804,,1,0.362,,1
S0_acdc,official,snow,car,0.5995,,1,0.346,,1,0.6378,,1,0.5648,,1
S0_acdc,official,snow,truck,0.3449,,1,0.2384,,1,0.2952,,1,0.439,,1
S0_acdc,official,snow,bus,0.0111,,1,0.002,,1,0.0,,1,0.0,,1
S0_acdc,official,snow,bicycle,0.1514,,1,0.0634,,1,0.2005,,1,0.1724,,1
S0_in_domain,single,overall,person,0.3541,,1,0.1542,,1,0.5844,,1,0.3196,,1
S0_in_domain,single,overall,rider,0.2857,,1,0.1264,,1,0.447,,1,0.2857,,1
S0_in_domain,single,overall,car,0.6559,,1,0.3892,,1,0.7356,,1,0.6047,,1
S0_in_domain,single,overall,truck,0.39,,1,0.248,,1,0.4677,,1,0.408,,1
S0_in_domain,single,overall,bus,0.3667,,1,0.248,,1,0.4474,,1,0.3955,,1
S0_in_domain,single,overall,bicycle,0.2032,,1,0.0756,,1,0.3855,,1,0.2288,,1
S1_acdc,5fold,overall,person,0.295,0.0367,5,0.1283,0.02,5,0.6272,0.0785,5,0.253,0.0171,5
S1_acdc,5fold,overall,rider,0.1774,0.0498,5,0.0826,0.0141,5,0.5048,0.1268,5,0.1629,0.0661,5
S1_acdc,5fold,overall,car,0.6608,0.0115,5,0.4109,0.009,5,0.6823,0.0646,5,0.6223,0.015,5
S1_acdc,5fold,overall,truck,0.287,0.0555,5,0.1838,0.0412,5,0.4029,0.0537,5,0.3221,0.067,5
S1_acdc,5fold,overall,bus,0.1587,0.0659,5,0.0995,0.0493,5,0.3982,0.1575,5,0.1639,0.0659,5
S1_acdc,5fold,overall,bicycle,0.1387,0.0254,5,0.06,0.0138,5,0.4857,0.0797,5,0.1171,0.029,5
S1_acdc,5fold,fog,person,0.3754,0.154,5,0.1813,0.0744,5,0.693,0.1928,5,0.2846,0.1001,5
S1_acdc,5fold,fog,rider,0.3731,0.2578,5,0.2269,0.1528,5,0.7867,0.1947,5,0.3058,0.2049,5
S1_acdc,5fold,fog,car,0.7292,0.033,5,0.4628,0.0222,5,0.7947,0.1182,5,0.6535,0.0526,5
S1_acdc,5fold,fog,truck,0.4321,0.0464,5,0.2584,0.0352,5,0.7484,0.1172,5,0.3036,0.0876,5
S1_acdc,5fold,fog,bus,0.6041,0.2415,5,0.5307,0.2063,5,0.4785,0.3202,5,0.6356,0.2742,5
S1_acdc,5fold,fog,bicycle,0.34,0.0598,5,0.1682,0.0304,5,0.6082,0.1108,5,0.308,0.0486,5
S1_acdc,5fold,night,person,0.2401,0.059,5,0.1017,0.0296,5,0.6065,0.1464,5,0.2098,0.0411,5
S1_acdc,5fold,night,rider,0.1498,0.0583,5,0.0626,0.0325,5,0.4844,0.3019,5,0.1138,0.0702,5
S1_acdc,5fold,night,car,0.4904,0.0359,5,0.2948,0.0205,5,0.4952,0.0965,5,0.4898,0.0318,5
S1_acdc,5fold,night,truck,0.1118,0.1136,5,0.0637,0.0597,5,0.1331,0.1016,5,0.2003,0.1412,5
S1_acdc,5fold,night,bus,0.061,0.0403,5,0.0365,0.0297,5,0.228,0.2235,5,0.052,0.0482,5
S1_acdc,5fold,night,bicycle,0.1211,0.0657,5,0.0482,0.0236,5,0.5009,0.2599,5,0.1072,0.0638,5
S1_acdc,5fold,rain,person,0.2363,0.0338,5,0.0914,0.025,5,0.644,0.069,5,0.1733,0.0756,5
S1_acdc,5fold,rain,rider,0.2326,0.2017,5,0.0818,0.0739,5,0.4021,0.3737,5,0.215,0.2031,5
S1_acdc,5fold,rain,car,0.695,0.0289,5,0.4228,0.0152,5,0.7574,0.1531,5,0.6156,0.0715,5
S1_acdc,5fold,rain,truck,0.2906,0.2042,5,0.21,0.1348,5,0.2398,0.2398,5,0.3568,0.1906,5
S1_acdc,5fold,rain,bus,0.1945,0.1198,5,0.1089,0.0925,5,0.4082,0.2304,5,0.1464,0.1397,5
S1_acdc,5fold,rain,bicycle,0.1443,0.0594,5,0.0653,0.0252,5,0.5368,0.1796,5,0.1123,0.0578,5
S1_acdc,5fold,snow,person,0.3746,0.0837,5,0.1743,0.051,5,0.6705,0.1094,5,0.3215,0.0683,5
S1_acdc,5fold,snow,rider,0.1683,0.0895,5,0.0748,0.0616,5,0.2269,0.1619,5,0.1907,0.1085,5
S1_acdc,5fold,snow,car,0.7115,0.01,5,0.4549,0.0114,5,0.7361,0.0957,5,0.6514,0.0359,5
S1_acdc,5fold,snow,truck,0.2648,0.0786,5,0.179,0.0609,5,0.3064,0.0986,5,0.3242,0.0736,5
S1_acdc,5fold,snow,bus,0.1608,0.0943,5,0.0868,0.071,5,0.4758,0.2124,5,0.1273,0.056,5
S1_acdc,5fold,snow,bicycle,0.1182,0.0385,5,0.0579,0.0335,5,0.4737,0.1574,5,0.1027,0.0345,5
S1_acdc,official,overall,person,0.27,,1,0.1063,,1,0.6263,,1,0.2117,,1
S1_acdc,official,overall,rider,0.0713,,1,0.038,,1,0.4508,,1,0.102,,1
S1_acdc,official,overall,car,0.7013,,1,0.4431,,1,0.6993,,1,0.6643,,1
S1_acdc,official,overall,truck,0.2895,,1,0.2052,,1,0.3371,,1,0.3585,,1
S1_acdc,official,overall,bus,0.1689,,1,0.1048,,1,0.3292,,1,0.1633,,1
S1_acdc,official,overall,bicycle,0.1133,,1,0.0378,,1,0.3252,,1,0.0932,,1
S1_acdc,official,fog,person,0.4414,,1,0.204,,1,0.8622,,1,0.3226,,1
S1_acdc,official,fog,rider,0.3276,,1,0.1971,,1,0.8416,,1,0.2727,,1
S1_acdc,official,fog,car,0.8201,,1,0.5618,,1,0.8791,,1,0.7379,,1
S1_acdc,official,fog,truck,0.2879,,1,0.195,,1,0.5455,,1,0.2927,,1
S1_acdc,official,fog,bus,0.732,,1,0.6357,,1,0.6153,,1,0.6,,1
S1_acdc,official,fog,bicycle,0.3386,,1,0.1671,,1,0.5431,,1,0.2273,,1
S1_acdc,official,night,person,0.2144,,1,0.0826,,1,0.5802,,1,0.1837,,1
S1_acdc,official,night,rider,0.0926,,1,0.0455,,1,0.6427,,1,0.0769,,1
S1_acdc,official,night,car,0.5028,,1,0.2956,,1,0.3527,,1,0.5789,,1
S1_acdc,official,night,truck,0.1063,,1,0.0593,,1,0.1417,,1,0.2285,,1
S1_acdc,official,night,bicycle,0.0484,,1,0.0136,,1,0.1934,,1,0.0519,,1
S1_acdc,official,rain,person,0.2549,,1,0.0943,,1,0.4067,,1,0.306,,1
S1_acdc,official,rain,rider,0.0296,,1,0.0122,,1,0.0,,1,0.0,,1
S1_acdc,official,rain,car,0.6929,,1,0.4138,,1,0.4277,,1,0.7433,,1
S1_acdc,official,rain,truck,0.2255,,1,0.1559,,1,0.1199,,1,0.5,,1
S1_acdc,official,rain,bus,0.1967,,1,0.0916,,1,0.2824,,1,0.125,,1
S1_acdc,official,rain,bicycle,0.0654,,1,0.0208,,1,0.1868,,1,0.1676,,1
S1_acdc,official,snow,person,0.2846,,1,0.1116,,1,0.807,,1,0.1912,,1
S1_acdc,official,snow,rider,0.0155,,1,0.0015,,1,0.0,,1,0.0,,1
S1_acdc,official,snow,car,0.6991,,1,0.4385,,1,0.8334,,1,0.595,,1
S1_acdc,official,snow,truck,0.441,,1,0.3297,,1,0.5332,,1,0.439,,1
S1_acdc,official,snow,bus,0.0466,,1,0.0065,,1,0.2537,,1,0.0634,,1
S1_acdc,official,snow,bicycle,0.2153,,1,0.0678,,1,0.4353,,1,0.1034,,1
S1_in_domain,single,overall,person,0.453,,1,0.2102,,1,0.6458,,1,0.4024,,1
S1_in_domain,single,overall,rider,0.4196,,1,0.1922,,1,0.8134,,1,0.356,,1
S1_in_domain,single,overall,car,0.7364,,1,0.459,,1,0.7667,,1,0.6895,,1
S1_in_domain,single,overall,truck,0.5028,,1,0.3462,,1,0.6033,,1,0.4885,,1
S1_in_domain,single,overall,bus,0.502,,1,0.3667,,1,0.6593,,1,0.4369,,1
S1_in_domain,single,overall,bicycle,0.3327,,1,0.1456,,1,0.5763,,1,0.2988,,1
S2_acdc,5fold,overall,person,0.3104,0.0295,5,0.1373,0.0192,5,0.5503,0.0767,5,0.2851,0.0209,5
S2_acdc,5fold,overall,rider,0.1988,0.0639,5,0.0914,0.0269,5,0.4364,0.0939,5,0.188,0.0443,5
S2_acdc,5fold,overall,car,0.6614,0.0117,5,0.4138,0.0092,5,0.6051,0.032,5,0.6503,0.0204,5
S2_acdc,5fold,overall,truck,0.2932,0.0583,5,0.1886,0.0441,5,0.3787,0.0372,5,0.3552,0.0697,5
S2_acdc,5fold,overall,bus,0.153,0.0627,5,0.0933,0.0459,5,0.3474,0.115,5,0.1648,0.0765,5
S2_acdc,5fold,overall,bicycle,0.1433,0.0257,5,0.0611,0.014,5,0.4847,0.1196,5,0.116,0.0119,5
S2_acdc,5fold,fog,person,0.337,0.153,5,0.1746,0.0738,5,0.4981,0.2033,5,0.2926,0.1047,5
S2_acdc,5fold,fog,rider,0.3611,0.2362,5,0.2159,0.1378,5,0.5439,0.3487,5,0.3029,0.2025,5
S2_acdc,5fold,fog,car,0.7255,0.029,5,0.4656,0.0231,5,0.696,0.0647,5,0.6931,0.0392,5
S2_acdc,5fold,fog,truck,0.4284,0.0547,5,0.258,0.0464,5,0.6221,0.0537,5,0.3595,0.0483,5
S2_acdc,5fold,fog,bus,0.5934,0.2932,5,0.5064,0.2476,5,0.4339,0.2554,5,0.6065,0.2778,5
S2_acdc,5fold,fog,bicycle,0.3715,0.0583,5,0.1594,0.0188,5,0.6164,0.2289,5,0.2923,0.0598,5
S2_acdc,5fold,night,person,0.2517,0.0499,5,0.1072,0.0251,5,0.5639,0.1482,5,0.2239,0.037,5
S2_acdc,5fold,night,rider,0.1644,0.0715,5,0.0698,0.0397,5,0.4781,0.1305,5,0.1483,0.0667,5
S2_acdc,5fold,night,car,0.4945,0.0372,5,0.2975,0.0214,5,0.4536,0.1146,5,0.5102,0.0242,5
S2_acdc,5fold,night,truck,0.0688,0.0523,5,0.0386,0.0366,5,0.1283,0.0818,5,0.19,0.1234,5
S2_acdc,5fold,night,bus,0.0421,0.0348,5,0.0135,0.0086,5,0.1023,0.1404,5,0.0354,0.0491,5
S2_acdc,5fold,night,bicycle,0.1174,0.0539,5,0.049,0.0243,5,0.4588,0.231,5,0.1027,0.0422,5
S2_acdc,5fold,rain,person,0.267,0.035,5,0.0981,0.0174,5,0.643,0.0965,5,0.1916,0.051,5
S2_acdc,5fold,rain,rider,0.2366,0.1463,5,0.0887,0.0793,5,0.6538,0.2661,5,0.1989,0.1398,5
S2_acdc,5fold,rain,car,0.7051,0.0334,5,0.4279,0.0174,5,0.7591,0.1282,5,0.6382,0.0475,5
S2_acdc,5fold,rain,truck,0.2561,0.1608,5,0.1946,0.1261,5,0.2486,0.1819,5,0.3875,0.1931,5
S2_acdc,5fold,rain,bus,0.1767,0.1462,5,0.0956,0.1119,5,0.3368,0.2402,5,0.1672,0.1655,5
S2_acdc,5fold,rain,bicycle,0.1438,0.0731,5,0.0705,0.0336,5,0.6506,0.307,5,0.1102,0.0459,5
S2_acdc,5fold,snow,person,0.389,0.0812,5,0.1834,0.0535,5,0.6039,0.2084,5,0.3468,0.0857,5
S2_acdc,5fold,snow,rider,0.2033,0.1332,5,0.0845,0.0587,5,0.3457,0.2369,5,0.2478,0.0999,5
S2_acdc,5fold,snow,car,0.7064,0.017,5,0.4563,0.0174,5,0.666,0.1339,5,0.6695,0.07,5
S2_acdc,5fold,snow,truck,0.2591,0.0798,5,0.1793,0.0761,5,0.2822,0.1022,5,0.3386,0.0703,5
S2_acdc,5fold,snow,bus,0.158,0.0734,5,0.099,0.0641,5,0.4346,0.2132,5,0.1562,0.0947,5
S2_acdc,5fold,snow,bicycle,0.1428,0.0471,5,0.0624,0.0177,5,0.4839,0.1174,5,0.1102,0.0535,5
S2_acdc,official,overall,person,0.3031,,1,0.1288,,1,0.6433,,1,0.2457,,1
S2_acdc,official,overall,rider,0.1092,,1,0.0537,,1,0.3199,,1,0.102,,1
S2_acdc,official,overall,car,0.7025,,1,0.4505,,1,0.702,,1,0.6601,,1
S2_acdc,official,overall,truck,0.301,,1,0.2242,,1,0.3995,,1,0.3868,,1
S2_acdc,official,overall,bus,0.2063,,1,0.1052,,1,0.3338,,1,0.1837,,1
S2_acdc,official,overall,bicycle,0.0776,,1,0.0278,,1,0.2069,,1,0.0505,,1
S2_acdc,official,fog,person,0.4091,,1,0.2092,,1,0.8665,,1,0.2742,,1
S2_acdc,official,fog,rider,0.3152,,1,0.169,,1,0.8376,,1,0.2727,,1
S2_acdc,official,fog,car,0.8153,,1,0.5722,,1,0.8729,,1,0.7117,,1
S2_acdc,official,fog,truck,0.3338,,1,0.2345,,1,0.5653,,1,0.2927,,1
S2_acdc,official,fog,bus,0.6662,,1,0.5706,,1,0.4871,,1,0.6,,1
S2_acdc,official,fog,bicycle,0.3698,,1,0.1447,,1,0.7959,,1,0.2273,,1
S2_acdc,official,night,person,0.2198,,1,0.097,,1,0.6067,,1,0.1953,,1
S2_acdc,official,night,rider,0.0662,,1,0.0213,,1,0.2993,,1,0.0769,,1
S2_acdc,official,night,car,0.4934,,1,0.2984,,1,0.4154,,1,0.5451,,1
S2_acdc,official,night,truck,0.0806,,1,0.0395,,1,0.1296,,1,0.25,,1
S2_acdc,official,night,bicycle,0.0354,,1,0.0143,,1,0.0746,,1,0.026,,1
S2_acdc,official,rain,person,0.3439,,1,0.1303,,1,0.5374,,1,0.3284,,1
S2_acdc,official,rain,rider,0.0514,,1,0.0199,,1,0.0,,1,0.0,,1
S2_acdc,official,rain,car,0.6971,,1,0.4256,,1,0.6094,,1,0.6759,,1
S2_acdc,official,rain,truck,0.2078,,1,0.1578,,1,0.2384,,1,0.4375,,1
S2_acdc,official,rain,bus,0.1982,,1,0.0832,,1,0.3679,,1,0.1875,,1
S2_acdc,official,rain,bicycle,0.0362,,1,0.0188,,1,0.1512,,1,0.0455,,1
S2_acdc,official,snow,person,0.3167,,1,0.1353,,1,0.6945,,1,0.2079,,1
S2_acdc,official,snow,rider,0.0029,,1,0.0009,,1,0.0,,1,0.0,,1
S2_acdc,official,snow,car,0.7128,,1,0.4424,,1,0.8223,,1,0.5933,,1
S2_acdc,official,snow,truck,0.4573,,1,0.3638,,1,0.5157,,1,0.4634,,1
S2_acdc,official,snow,bus,0.114,,1,0.014,,1,0.2473,,1,0.0833,,1
S2_acdc,official,snow,bicycle,0.0874,,1,0.0198,,1,0.3251,,1,0.0345,,1
S2_in_domain,single,overall,person,0.4534,,1,0.2116,,1,0.5985,,1,0.4096,,1
S2_in_domain,single,overall,rider,0.4121,,1,0.1952,,1,0.6726,,1,0.3418,,1
S2_in_domain,single,overall,car,0.7347,,1,0.4566,,1,0.747,,1,0.6964,,1
S2_in_domain,single,overall,truck,0.5173,,1,0.3587,,1,0.5895,,1,0.4999,,1
S2_in_domain,single,overall,bus,0.5051,,1,0.3772,,1,0.6656,,1,0.4355,,1
S2_in_domain,single,overall,bicycle,0.3292,,1,0.1388,,1,0.5483,,1,0.3,,1
S3_acdc,5fold,overall,person,0.2918,0.0329,5,0.1273,0.019,5,0.5659,0.0545,5,0.2662,0.039,5
S3_acdc,5fold,overall,rider,0.1932,0.0304,5,0.0927,0.0103,5,0.5431,0.147,5,0.1594,0.0371,5
S3_acdc,5fold,overall,car,0.6605,0.0085,5,0.4128,0.0098,5,0.6444,0.0392,5,0.6346,0.0211,5
S3_acdc,5fold,overall,truck,0.3136,0.0481,5,0.2008,0.04,5,0.4428,0.0333,5,0.3499,0.0577,5
S3_acdc,5fold,overall,bus,0.1691,0.0664,5,0.1031,0.0465,5,0.3235,0.1247,5,0.1621,0.0858,5
S3_acdc,5fold,overall,bicycle,0.1398,0.0235,5,0.0623,0.0124,5,0.5122,0.1076,5,0.1062,0.0203,5
S3_acdc,5fold,fog,person,0.362,0.1688,5,0.1809,0.0829,5,0.6594,0.126,5,0.3049,0.157,5
S3_acdc,5fold,fog,rider,0.3659,0.2543,5,0.2064,0.151,5,0.6253,0.3752,5,0.3063,0.2179,5
S3_acdc,5fold,fog,car,0.7242,0.0255,5,0.4646,0.0195,5,0.7781,0.0401,5,0.669,0.0309,5
S3_acdc,5fold,fog,truck,0.4505,0.0647,5,0.2713,0.0537,5,0.7401,0.0612,5,0.3326,0.0849,5
S3_acdc,5fold,fog,bus,0.5496,0.2162,5,0.4502,0.1685,5,0.4411,0.2626,5,0.5689,0.3037,5
S3_acdc,5fold,fog,bicycle,0.3413,0.0622,5,0.1751,0.0149,5,0.7361,0.1231,5,0.2706,0.1036,5
S3_acdc,5fold,night,person,0.2306,0.0585,5,0.0975,0.0276,5,0.4066,0.1515,5,0.2686,0.0589,5
S3_acdc,5fold,night,rider,0.1425,0.0531,5,0.0631,0.0338,5,0.3951,0.2043,5,0.1252,0.0562,5
S3_acdc,5fold,night,car,0.4957,0.0299,5,0.2966,0.0218,5,0.312,0.1347,5,0.556,0.0276,5
S3_acdc,5fold,night,truck,0.037,0.0225,5,0.0177,0.0111,5,0.0591,0.0641,5,0.1967,0.1872,5
S3_acdc,5fold,night,bus,0.0528,0.0311,5,0.0197,0.0095,5,0.1408,0.0456,5,0.0878,0.0176,5
S3_acdc,5fold,night,bicycle,0.1313,0.0682,5,0.0536,0.0289,5,0.473,0.2539,5,0.1215,0.0472,5
S3_acdc,5fold,rain,person,0.2463,0.0285,5,0.0987,0.0112,5,0.6347,0.0626,5,0.1814,0.0396,5
S3_acdc,5fold,rain,rider,0.2448,0.1651,5,0.0968,0.0797,5,0.7504,0.1577,5,0.1989,0.1398,5
S3_acdc,5fold,rain,car,0.6974,0.0359,5,0.4279,0.019,5,0.7542,0.1195,5,0.6286,0.0508,5
S3_acdc,5fold,rain,truck,0.2793,0.1376,5,0.2172,0.1022,5,0.3087,0.2427,5,0.3734,0.1917,5
S3_acdc,5fold,rain,bus,0.2127,0.161,5,0.1357,0.1167,5,0.3754,0.26,5,0.1188,0.1181,5
S3_acdc,5fold,rain,bicycle,0.153,0.0673,5,0.0664,0.0305,5,0.672,0.3456,5,0.1121,0.0443,5
S3_acdc,5fold,snow,person,0.3689,0.0721,5,0.1669,0.0439,5,0.5913,0.1305,5,0.3378,0.0825,5
S3_acdc,5fold,snow,rider,0.1994,0.1323,5,0.0857,0.0717,5,0.2856,0.2592,5,0.1948,0.1675,5
S3_acdc,5fold,snow,car,0.7056,0.0099,5,0.4522,0.0177,5,0.6754,0.0836,5,0.6722,0.0432,5
S3_acdc,5fold,snow,truck,0.2643,0.0857,5,0.1816,0.0766,5,0.3336,0.0347,5,0.3394,0.0805,5
S3_acdc,5fold,snow,bus,0.1935,0.0892,5,0.103,0.0705,5,0.4113,0.1845,5,0.1929,0.1327,5
S3_acdc,5fold,snow,bicycle,0.1058,0.0383,5,0.0546,0.0298,5,0.3821,0.1826,5,0.0848,0.0444,5
S3_acdc,official,overall,person,0.2734,,1,0.1147,,1,0.732,,1,0.1985,,1
S3_acdc,official,overall,rider,0.1169,,1,0.0511,,1,0.4933,,1,0.0996,,1
S3_acdc,official,overall,car,0.693,,1,0.4424,,1,0.7797,,1,0.6257,,1
S3_acdc,official,overall,truck,0.3036,,1,0.2133,,1,0.4391,,1,0.3396,,1
S3_acdc,official,overall,bus,0.1669,,1,0.0869,,1,0.3081,,1,0.1429,,1
S3_acdc,official,overall,bicycle,0.0907,,1,0.0355,,1,0.437,,1,0.06,,1
S3_acdc,official,fog,person,0.4192,,1,0.2145,,1,0.8665,,1,0.3142,,1
S3_acdc,official,fog,rider,0.4234,,1,0.184,,1,0.8434,,1,0.2727,,1
S3_acdc,official,fog,car,0.8207,,1,0.5647,,1,0.8863,,1,0.7389,,1
S3_acdc,official,fog,truck,0.3035,,1,0.197,,1,0.6232,,1,0.2927,,1
S3_acdc,official,fog,bus,0.6315,,1,0.4431,,1,0.4796,,1,0.6,,1
S3_acdc,official,fog,bicycle,0.3378,,1,0.1761,,1,0.8883,,1,0.2273,,1
S3_acdc,official,night,person,0.2079,,1,0.0871,,1,0.3626,,1,0.2269,,1
S3_acdc,official,night,rider,0.0681,,1,0.031,,1,0.4682,,1,0.1032,,1
S3_acdc,official,night,car,0.4797,,1,0.2933,,1,0.1838,,1,0.5902,,1
S3_acdc,official,night,truck,0.1044,,1,0.0551,,1,0.1434,,1,0.375,,1
S3_acdc,official,night,bicycle,0.0395,,1,0.0152,,1,0.1431,,1,0.0649,,1
S3_acdc,official,rain,person,0.2947,,1,0.1107,,1,0.5443,,1,0.2537,,1
S3_acdc,official,rain,rider,0.0328,,1,0.01,,1,0.0,,1,0.0,,1
S3_acdc,official,rain,car,0.6808,,1,0.4185,,1,0.5719,,1,0.6907,,1
S3_acdc,official,rain,truck,0.3242,,1,0.2597,,1,0.2073,,1,0.4375,,1
S3_acdc,official,rain,bus,0.1675,,1,0.0932,,1,0.2854,,1,0.125,,1
S3_acdc,official,rain,bicycle,0.0817,,1,0.0357,,1,0.4412,,1,0.1364,,1
S3_acdc,official,snow,person,0.2807,,1,0.1194,,1,0.6917,,1,0.2114,,1
S3_acdc,official,snow,rider,0.165,,1,0.066,,1,0.3155,,1,0.4732,,1
S3_acdc,official,snow,car,0.6915,,1,0.4282,,1,0.8025,,1,0.6021,,1
S3_acdc,official,snow,truck,0.4254,,1,0.3155,,1,0.5334,,1,0.439,,1
S3_acdc,official,snow,bus,0.1405,,1,0.0261,,1,0.1441,,1,0.0833,,1
S3_acdc,official,snow,bicycle,0.098,,1,0.0285,,1,0.3784,,1,0.1034,,1
S3_in_domain,single,overall,person,0.4455,,1,0.2069,,1,0.6321,,1,0.4005,,1
S3_in_domain,single,overall,rider,0.3739,,1,0.1645,,1,0.6663,,1,0.3214,,1
S3_in_domain,single,overall,car,0.7329,,1,0.4557,,1,0.7624,,1,0.6878,,1
S3_in_domain,single,overall,truck,0.5118,,1,0.3593,,1,0.6082,,1,0.479,,1
S3_in_domain,single,overall,bus,0.5039,,1,0.3771,,1,0.6198,,1,0.4378,,1
S3_in_domain,single,overall,bicycle,0.3112,,1,0.1205,,1,0.5614,,1,0.2578,,1
S5_acdc,5fold,overall,person,0.2808,0.0318,5,0.1263,0.0139,5,0.5525,0.0909,5,0.2586,0.0299,5
S5_acdc,5fold,overall,rider,0.1739,0.0695,5,0.0826,0.0332,5,0.4212,0.1425,5,0.1523,0.0618,5
S5_acdc,5fold,overall,car,0.6677,0.0131,5,0.418,0.0111,5,0.6051,0.067,5,0.655,0.0201,5
S5_acdc,5fold,overall,truck,0.3279,0.0545,5,0.2013,0.0384,5,0.423,0.0704,5,0.3672,0.074,5
S5_acdc,5fold,overall,bus,0.1873,0.0484,5,0.1185,0.0487,5,0.3706,0.0263,5,0.2252,0.0663,5
S5_acdc,5fold,overall,bicycle,0.1327,0.0298,5,0.0551,0.0115,5,0.4779,0.1164,5,0.1081,0.0113,5
S5_acdc,5fold,fog,person,0.3348,0.1546,5,0.1702,0.084,5,0.6618,0.117,5,0.2761,0.1357,5
S5_acdc,5fold,fog,rider,0.341,0.2329,5,0.181,0.1182,5,0.5022,0.3259,5,0.2682,0.1845,5
S5_acdc,5fold,fog,car,0.724,0.0316,5,0.4637,0.0254,5,0.7827,0.0654,5,0.6604,0.0561,5
S5_acdc,5fold,fog,truck,0.4672,0.0713,5,0.2677,0.0537,5,0.7247,0.0819,5,0.3449,0.0855,5
S5_acdc,5fold,fog,bus,0.5582,0.2376,5,0.4513,0.1903,5,0.4078,0.1923,5,0.5244,0.2458,5
S5_acdc,5fold,fog,bicycle,0.327,0.087,5,0.139,0.0469,5,0.635,0.174,5,0.2784,0.0846,5
S5_acdc,5fold,night,person,0.2352,0.0456,5,0.1008,0.0228,5,0.5485,0.1134,5,0.2223,0.0564,5
S5_acdc,5fold,night,rider,0.1414,0.0869,5,0.0653,0.0438,5,0.4593,0.2493,5,0.1226,0.0923,5
S5_acdc,5fold,night,car,0.5047,0.0276,5,0.3012,0.0185,5,0.4774,0.1634,5,0.5084,0.0359,5
S5_acdc,5fold,night,truck,0.0705,0.047,5,0.034,0.0265,5,0.1322,0.0777,5,0.2233,0.1372,5
S5_acdc,5fold,night,bus,0.0521,0.042,5,0.0271,0.0258,5,0.1449,0.1603,5,0.0687,0.0709,5
S5_acdc,5fold,night,bicycle,0.1198,0.0626,5,0.0522,0.0302,5,0.5039,0.3764,5,0.0873,0.0426,5
S5_acdc,5fold,rain,person,0.2234,0.0218,5,0.0919,0.0109,5,0.6274,0.2567,5,0.1737,0.0677,5
S5_acdc,5fold,rain,rider,0.2045,0.1668,5,0.0928,0.0757,5,0.4519,0.3534,5,0.1989,0.1398,5
S5_acdc,5fold,rain,car,0.7093,0.0372,5,0.4347,0.0237,5,0.6828,0.1467,5,0.6745,0.0972,5
S5_acdc,5fold,rain,truck,0.3557,0.1872,5,0.2912,0.1659,5,0.2494,0.1438,5,0.4007,0.1527,5
S5_acdc,5fold,rain,bus,0.2482,0.1431,5,0.1409,0.1148,5,0.4536,0.1534,5,0.2515,0.1129,5
S5_acdc,5fold,rain,bicycle,0.1414,0.0576,5,0.0674,0.0325,5,0.576,0.1976,5,0.092,0.0403,5
S5_acdc,5fold,snow,person,0.3483,0.0635,5,0.1666,0.0401,5,0.617,0.1337,5,0.306,0.0508,5
S5_acdc,5fold,snow,rider,0.1861,0.1211,5,0.0837,0.0637,5,0.2871,0.2467,5,0.2333,0.1491,5
S5_acdc,5fold,snow,car,0.7142,0.0077,5,0.462,0.0127,5,0.6707,0.0687,5,0.6811,0.0227,5
S5_acdc,5fold,snow,truck,0.2652,0.0797,5,0.1784,0.0759,5,0.3399,0.1131,5,0.3341,0.0942,5
S5_acdc,5fold,snow,bus,0.2042,0.0604,5,0.1179,0.0565,5,0.5389,0.1559,5,0.2159,0.1116,5
S5_acdc,5fold,snow,bicycle,0.111,0.0321,5,0.0494,0.0228,5,0.3463,0.133,5,0.0911,0.0379,5
S5_acdc,official,overall,person,0.2746,,1,0.1126,,1,0.6579,,1,0.2254,,1
S5_acdc,official,overall,rider,0.1154,,1,0.0439,,1,0.4035,,1,0.1429,,1
S5_acdc,official,overall,car,0.7036,,1,0.4489,,1,0.6568,,1,0.6836,,1
S5_acdc,official,overall,truck,0.3214,,1,0.2239,,1,0.3668,,1,0.3868,,1
S5_acdc,official,overall,bus,0.2551,,1,0.1229,,1,0.3714,,1,0.2857,,1
S5_acdc,official,overall,bicycle,0.0933,,1,0.0329,,1,0.3116,,1,0.08,,1
S5_acdc,official,fog,person,0.4169,,1,0.2154,,1,0.6979,,1,0.371,,1
S5_acdc,official,fog,rider,0.3216,,1,0.1341,,1,0.4536,,1,0.1818,,1
S5_acdc,official,fog,car,0.8163,,1,0.5618,,1,0.7467,,1,0.7681,,1
S5_acdc,official,fog,truck,0.3547,,1,0.2316,,1,0.5803,,1,0.3374,,1
S5_acdc,official,fog,bus,0.5715,,1,0.406,,1,0.3944,,1,0.6,,1
S5_acdc,official,fog,bicycle,0.2952,,1,0.1264,,1,0.5917,,1,0.2642,,1
S5_acdc,official,night,person,0.2572,,1,0.1041,,1,0.7299,,1,0.2152,,1
S5_acdc,official,night,rider,0.1167,,1,0.0581,,1,0.6702,,1,0.1154,,1
S5_acdc,official,night,car,0.5001,,1,0.3037,,1,0.4917,,1,0.4925,,1
S5_acdc,official,night,truck,0.0794,,1,0.0346,,1,0.1504,,1,0.25,,1
S5_acdc,official,night,bicycle,0.0432,,1,0.0179,,1,0.1218,,1,0.026,,1
S5_acdc,official,rain,person,0.2771,,1,0.1018,,1,0.7172,,1,0.1791,,1
S5_acdc,official,rain,rider,0.0107,,1,0.0042,,1,0.0,,1,0.0,,1
S5_acdc,official,rain,car,0.7069,,1,0.4293,,1,0.6548,,1,0.6956,,1
S5_acdc,official,rain,truck,0.353,,1,0.2809,,1,0.2536,,1,0.4375,,1
S5_acdc,official,rain,bus,0.2935,,1,0.1279,,1,0.4959,,1,0.2812,,1
S5_acdc,official,rain,bicycle,0.0979,,1,0.0354,,1,0.2273,,1,0.0455,,1
S5_acdc,official,snow,person,0.2556,,1,0.1017,,1,0.6209,,1,0.2153,,1
S5_acdc,official,snow,rider,0.1678,,1,0.0171,,1,0.2387,,1,0.5,,1
S5_acdc,official,snow,car,0.6989,,1,0.4378,,1,0.6917,,1,0.6661,,1
S5_acdc,official,snow,truck,0.388,,1,0.2938,,1,0.4062,,1,0.439,,1
S5_acdc,official,snow,bus,0.1732,,1,0.0495,,1,0.2045,,1,0.1667,,1
S5_acdc,official,snow,bicycle,0.1089,,1,0.0276,,1,0.2802,,1,0.1034,,1
S5_in_domain,single,overall,person,0.4387,,1,0.2023,,1,0.5824,,1,0.4002,,1
S5_in_domain,single,overall,rider,0.3942,,1,0.1838,,1,0.6288,,1,0.352,,1
S5_in_domain,single,overall,car,0.7328,,1,0.456,,1,0.7393,,1,0.6929,,1
S5_in_domain,single,overall,truck,0.5138,,1,0.3591,,1,0.5836,,1,0.4936,,1
S5_in_domain,single,overall,bus,0.5079,,1,0.3763,,1,0.5944,,1,0.4355,,1
S5_in_domain,single,overall,bicycle,0.3386,,1,0.1407,,1,0.553,,1,0.2916,,1
T1_acdc,5fold,overall,person,0.2616,0.0412,5,0.1147,0.0188,5,0.4157,0.1062,5,0.2948,0.0702,5
T1_acdc,5fold,overall,rider,0.1298,0.0659,5,0.0582,0.0353,5,0.3821,0.1504,5,0.1287,0.0624,5
T1_acdc,5fold,overall,car,0.5776,0.0121,5,0.3433,0.0089,5,0.5844,0.0393,5,0.578,0.0186,5
T1_acdc,5fold,overall,truck,0.3234,0.0498,5,0.186,0.0298,5,0.5482,0.116,5,0.3033,0.0805,5
T1_acdc,5fold,overall,bus,0.1363,0.0468,5,0.0766,0.0243,5,0.2328,0.0402,5,0.1779,0.0622,5
T1_acdc,5fold,overall,bicycle,0.0967,0.044,5,0.0364,0.0156,5,0.3494,0.1503,5,0.1058,0.0342,5
T1_acdc,5fold,fog,person,0.3064,0.116,5,0.161,0.0532,5,0.5773,0.1282,5,0.3145,0.1434,5
T1_acdc,5fold,fog,rider,0.2785,0.1789,5,0.1378,0.1033,5,0.6952,0.2175,5,0.2195,0.1366,5
T1_acdc,5fold,fog,car,0.6308,0.0209,5,0.3896,0.0155,5,0.7564,0.1156,5,0.5776,0.0591,5
T1_acdc,5fold,fog,truck,0.4419,0.0706,5,0.2527,0.0383,5,0.703,0.141,5,0.3358,0.1339,5
T1_acdc,5fold,fog,bus,0.4606,0.1761,5,0.3499,0.1519,5,0.4873,0.2424,5,0.5445,0.1641,5
T1_acdc,5fold,fog,bicycle,0.2149,0.0777,5,0.1035,0.0592,5,0.5728,0.178,5,0.1854,0.0814,5
T1_acdc,5fold,night,person,0.2157,0.0454,5,0.0885,0.0268,5,0.4233,0.1138,5,0.2303,0.0717,5
T1_acdc,5fold,night,rider,0.12,0.0861,5,0.0509,0.047,5,0.4879,0.3254,5,0.1081,0.0765,5
T1_acdc,5fold,night,car,0.4563,0.0249,5,0.2572,0.0114,5,0.5381,0.115,5,0.4561,0.0224,5
T1_acdc,5fold,night,truck,0.0648,0.1428,5,0.045,0.0999,5,0.3043,0.4497,5,0.05,0.1118,5
T1_acdc,5fold,night,bus,0.0427,0.0395,5,0.0165,0.0184,5,0.0814,0.112,5,0.0376,0.0529,5
T1_acdc,5fold,night,bicycle,0.0832,0.0466,5,0.0277,0.0165,5,0.4643,0.2943,5,0.0784,0.0253,5
T1_acdc,5fold,rain,person,0.2062,0.0183,5,0.0861,0.0195,5,0.3881,0.1429,5,0.2236,0.0433,5
T1_acdc,5fold,rain,rider,0.1581,0.1483,5,0.076,0.0681,5,0.5541,0.3578,5,0.1567,0.1507,5
T1_acdc,5fold,rain,car,0.5976,0.0299,5,0.3404,0.0227,5,0.6301,0.063,5,0.5775,0.0482,5
T1_acdc,5fold,rain,truck,0.1801,0.1398,5,0.1179,0.0915,5,0.3239,0.3784,5,0.1747,0.1224,5
T1_acdc,5fold,rain,bus,0.179,0.1112,5,0.1035,0.0702,5,0.2721,0.0971,5,0.1707,0.1038,5
T1_acdc,5fold,rain,bicycle,0.1114,0.0486,5,0.0518,0.0152,5,0.4076,0.2689,5,0.0988,0.0505,5
T1_acdc,5fold,snow,person,0.3374,0.0763,5,0.1523,0.0361,5,0.5118,0.1685,5,0.3536,0.0961,5
T1_acdc,5fold,snow,rider,0.126,0.0745,5,0.0501,0.0256,5,0.3823,0.2492,5,0.125,0.0932,5
T1_acdc,5fold,snow,car,0.6196,0.0136,5,0.3837,0.0153,5,0.6608,0.0908,5,0.6026,0.0167,5
T1_acdc,5fold,snow,truck,0.19,0.0471,5,0.1089,0.0231,5,0.56,0.0546,5,0.1726,0.07,5
T1_acdc,5fold,snow,bus,0.1377,0.089,5,0.065,0.0296,5,0.2592,0.0516,5,0.1973,0.1683,5
T1_acdc,5fold,snow,bicycle,0.1024,0.0518,5,0.0343,0.0088,5,0.3677,0.222,5,0.1086,0.0285,5
T1_acdc,official,overall,person,0.1995,,1,0.085,,1,0.4244,,1,0.2023,,1
T1_acdc,official,overall,rider,0.0653,,1,0.0208,,1,0.188,,1,0.0852,,1
T1_acdc,official,overall,car,0.5984,,1,0.3636,,1,0.5708,,1,0.6107,,1
T1_acdc,official,overall,truck,0.2234,,1,0.1452,,1,0.493,,1,0.211,,1
T1_acdc,official,overall,bus,0.1418,,1,0.0619,,1,0.1751,,1,0.1429,,1
T1_acdc,official,overall,bicycle,0.069,,1,0.0199,,1,0.1843,,1,0.12,,1
T1_acdc,official,fog,person,0.2945,,1,0.1648,,1,0.4678,,1,0.2979,,1
T1_acdc,official,fog,rider,0.3408,,1,0.1132,,1,0.5889,,1,0.2627,,1
T1_acdc,official,fog,car,0.7184,,1,0.4761,,1,0.6686,,1,0.7177,,1
T1_acdc,official,fog,truck,0.194,,1,0.1377,,1,0.5768,,1,0.1707,,1
T1_acdc,official,fog,bus,0.5392,,1,0.3873,,1,0.5784,,1,0.6,,1
T1_acdc,official,fog,bicycle,0.2483,,1,0.0857,,1,0.5873,,1,0.2727,,1
T1_acdc,official,night,person,0.1697,,1,0.0715,,1,0.4101,,1,0.1582,,1
T1_acdc,official,night,rider,0.0151,,1,0.005,,1,0.2445,,1,0.0376,,1
T1_acdc,official,night,car,0.4772,,1,0.2779,,1,0.3763,,1,0.5263,,1
T1_acdc,official,night,truck,0.07,,1,0.0386,,1,0.2408,,1,0.125,,1
T1_acdc,official,night,bicycle,0.0422,,1,0.0157,,1,0.1076,,1,0.0649,,1
T1_acdc,official,rain,person,0.1705,,1,0.059,,1,0.6367,,1,0.1493,,1
T1_acdc,official,rain,rider,0.0249,,1,0.01,,1,1.0,,1,0.0,,1
T1_acdc,official,rain,car,0.586,,1,0.3246,,1,0.7198,,1,0.5426,,1
T1_acdc,official,rain,truck,0.2013,,1,0.1265,,1,0.5789,,1,0.125,,1
T1_acdc,official,rain,bus,0.1989,,1,0.0674,,1,0.4934,,1,0.125,,1
T1_acdc,official,rain,bicycle,0.0673,,1,0.0128,,1,0.2562,,1,0.0943,,1
T1_acdc,official,snow,person,0.2219,,1,0.099,,1,0.4595,,1,0.2286,,1
T1_acdc,official,snow,rider,0.0141,,1,0.0057,,1,0.0,,1,0.0,,1
T1_acdc,official,snow,car,0.5684,,1,0.3497,,1,0.6433,,1,0.5524,,1
T1_acdc,official,snow,truck,0.3129,,1,0.2028,,1,0.6439,,1,0.2927,,1
T1_acdc,official,snow,bus,0.0183,,1,0.005,,1,0.0,,1,0.0,,1
T1_acdc,official,snow,bicycle,0.0799,,1,0.0259,,1,0.216,,1,0.1427,,1
T1aug_acdc,5fold,overall,person,0.3845,0.0393,5,0.1781,0.0229,5,0.648,0.0699,5,0.3414,0.0262,5
T1aug_acdc,5fold,overall,rider,0.2138,0.0452,5,0.0995,0.0257,5,0.4823,0.1162,5,0.1737,0.0512,5
T1aug_acdc,5fold,overall,car,0.6866,0.0108,5,0.4442,0.0103,5,0.7447,0.0428,5,0.6378,0.0174,5
T1aug_acdc,5fold,overall,truck,0.4952,0.0558,5,0.3189,0.047,5,0.6526,0.025,5,0.4598,0.0759,5
T1aug_acdc,5fold,overall,bus,0.3398,0.0412,5,0.2086,0.0416,5,0.4749,0.0412,5,0.3451,0.0415,5
T1aug_acdc,5fold,overall,bicycle,0.1765,0.0449,5,0.0793,0.0161,5,0.4795,0.0822,5,0.1614,0.0492,5
T1aug_acdc,5fold,fog,person,0.4274,0.1275,5,0.223,0.0575,5,0.6809,0.1202,5,0.3517,0.0888,5
T1aug_acdc,5fold,fog,rider,0.3383,0.2072,5,0.1933,0.1241,5,0.497,0.308,5,0.2503,0.1557,5
T1aug_acdc,5fold,fog,car,0.7274,0.0276,5,0.4902,0.0245,5,0.7709,0.0846,5,0.6816,0.0169,5
T1aug_acdc,5fold,fog,truck,0.5942,0.0608,5,0.3797,0.0474,5,0.7003,0.0861,5,0.5567,0.0804,5
T1aug_acdc,5fold,fog,bus,0.5434,0.298,5,0.458,0.2979,5,0.4247,0.3162,5,0.5778,0.3635,5
T1aug_acdc,5fold,fog,bicycle,0.3914,0.055,5,0.2127,0.0568,5,0.8189,0.1322,5,0.3363,0.0882,5
T1aug_acdc,5fold,night,person,0.3164,0.055,5,0.1348,0.0335,5,0.4858,0.1149,5,0.3352,0.078,5
T1aug_acdc,5fold,night,rider,0.2116,0.0561,5,0.092,0.038,5,0.4394,0.0862,5,0.2212,0.0593,5
T1aug_acdc,5fold,night,car,0.5648,0.0179,5,0.3449,0.0134,5,0.5817,0.165,5,0.5403,0.0476,5
T1aug_acdc,5fold,night,truck,0.1152,0.1434,5,0.0599,0.0796,5,0.1629,0.2238,5,0.0833,0.1179,5
T1aug_acdc,5fold,night,bus,0.1877,0.1214,5,0.104,0.0771,5,0.4799,0.2514,5,0.2122,0.1027,5
T1aug_acdc,5fold,night,bicycle,0.1733,0.0969,5,0.0715,0.0375,5,0.4118,0.1679,5,0.176,0.0561,5
T1aug_acdc,5fold,rain,person,0.3329,0.0648,5,0.1499,0.0281,5,0.5584,0.1182,5,0.3028,0.1045,5
T1aug_acdc,5fold,rain,rider,0.1466,0.1741,5,0.0761,0.1188,5,0.6114,0.4329,5,0.13,0.1857,5
T1aug_acdc,5fold,rain,car,0.7148,0.0318,5,0.4477,0.0266,5,0.7246,0.0793,5,0.6844,0.032,5
T1aug_acdc,5fold,rain,truck,0.2568,0.1146,5,0.1731,0.0926,5,0.3613,0.1965,5,0.2234,0.1072,5
T1aug_acdc,5fold,rain,bus,0.4138,0.1691,5,0.223,0.0858,5,0.4856,0.1071,5,0.4638,0.176,5
T1aug_acdc,5fold,rain,bicycle,0.1801,0.066,5,0.0897,0.0293,5,0.3691,0.0797,5,0.1694,0.0778,5
T1aug_acdc,5fold,snow,person,0.4659,0.0931,5,0.2334,0.0499,5,0.662,0.1585,5,0.4066,0.0555,5
T1aug_acdc,5fold,snow,rider,0.2037,0.1452,5,0.0818,0.0567,5,0.2953,0.3003,5,0.1668,0.1314,5
T1aug_acdc,5fold,snow,car,0.7266,0.0209,5,0.4871,0.0178,5,0.7436,0.0563,5,0.6735,0.0342,5
T1aug_acdc,5fold,snow,truck,0.4103,0.0857,5,0.2767,0.0807,5,0.647,0.1288,5,0.3488,0.106,5
T1aug_acdc,5fold,snow,bus,0.3791,0.1502,5,0.2456,0.0886,5,0.491,0.2226,5,0.3958,0.1257,5
T1aug_acdc,5fold,snow,bicycle,0.1585,0.0407,5,0.0764,0.0366,5,0.4564,0.1166,5,0.1765,0.0844,5
T1aug_acdc,official,overall,person,0.3403,,1,0.159,,1,0.7059,,1,0.2609,,1
T1aug_acdc,official,overall,rider,0.1451,,1,0.0666,,1,0.4463,,1,0.1224,,1
T1aug_acdc,official,overall,car,0.7039,,1,0.4616,,1,0.8073,,1,0.6263,,1
T1aug_acdc,official,overall,truck,0.3129,,1,0.2254,,1,0.5095,,1,0.2842,,1
T1aug_acdc,official,overall,bus,0.2833,,1,0.2034,,1,0.3437,,1,0.3061,,1
T1aug_acdc,official,overall,bicycle,0.1318,,1,0.0586,,1,0.4218,,1,0.1333,,1
T1aug_acdc,official,fog,person,0.5327,,1,0.3169,,1,0.5634,,1,0.4516,,1
T1aug_acdc,official,fog,rider,0.4457,,1,0.253,,1,0.7389,,1,0.3636,,1
T1aug_acdc,official,fog,car,0.7994,,1,0.5717,,1,0.6581,,1,0.7883,,1
T1aug_acdc,official,fog,truck,0.3051,,1,0.2093,,1,0.495,,1,0.3659,,1
T1aug_acdc,official,fog,bus,0.7157,,1,0.58,,1,0.5309,,1,0.6,,1
T1aug_acdc,official,fog,bicycle,0.341,,1,0.2459,,1,0.6751,,1,0.3182,,1
T1aug_acdc,official,night,person,0.3023,,1,0.1327,,1,0.6635,,1,0.2532,,1
T1aug_acdc,official,night,rider,0.145,,1,0.0605,,1,0.4322,,1,0.1154,,1
T1aug_acdc,official,night,car,0.5897,,1,0.3695,,1,0.7244,,1,0.5602,,1
T1aug_acdc,official,night,truck,0.0248,,1,0.0077,,1,0.0,,1,0.0,,1
T1aug_acdc,official,night,bicycle,0.0615,,1,0.0222,,1,0.1805,,1,0.0649,,1
T1aug_acdc,official,rain,person,0.2908,,1,0.1232,,1,0.6056,,1,0.2239,,1
T1aug_acdc,official,rain,rider,0.0221,,1,0.0174,,1,0.0,,1,0.0,,1
T1aug_acdc,official,rain,car,0.6883,,1,0.4168,,1,0.7941,,1,0.6074,,1
T1aug_acdc,official,rain,truck,0.2811,,1,0.2136,,1,0.3878,,1,0.25,,1
T1aug_acdc,official,rain,bus,0.3239,,1,0.2114,,1,0.4493,,1,0.3125,,1
T1aug_acdc,official,rain,bicycle,0.2071,,1,0.0981,,1,0.3712,,1,0.2273,,1
T1aug_acdc,official,snow,person,0.358,,1,0.1667,,1,0.6259,,1,0.32,,1
T1aug_acdc,official,snow,rider,0.1278,,1,0.0145,,1,0.1927,,1,0.3853,,1
T1aug_acdc,official,snow,car,0.6917,,1,0.4544,,1,0.7943,,1,0.627,,1
T1aug_acdc,official,snow,truck,0.4478,,1,0.3322,,1,0.5702,,1,0.3902,,1
T1aug_acdc,official,snow,bus,0.1308,,1,0.0937,,1,0.1088,,1,0.1667,,1
T1aug_acdc,official,snow,bicycle,0.1494,,1,0.0437,,1,0.3803,,1,0.1724,,1
